{
  "selection": {
    "total_selected_sentences": 500,
    "topic_distribution": {
      "Economy": 118,
      "Health & Society": 65,
      "Sports": 123,
      "Politics": 124,
      "International": 70
    },
    "split_sizes": {
      "train": 351,
      "val": 75,
      "test": 74
    }
  },
  "label_distribution": {
    "pos": {
      "NOUN": 6546,
      "PUNC": 971,
      "ADJ": 1346,
      "ADV": 205,
      "POST": 357,
      "NUM": 508,
      "PRON": 375,
      "DET": 201,
      "CONJ": 226,
      "VERB": 103,
      "UNK": 17
    },
    "ner": {
      "B-ORG": 679,
      "I-ORG": 141,
      "B-LOC": 766,
      "O": 6510,
      "B-MISC": 1278,
      "I-MISC": 427,
      "B-PER": 689,
      "I-PER": 164,
      "I-LOC": 201
    }
  },
  "pos": {
    "frozen": {
      "accuracy": 0.603126879134095,
      "macro_f1": 0.07928956207460079
    },
    "fine_tuned": {
      "accuracy": 0.9458809380637402,
      "macro_f1": 0.6161030967188377
    },
    "confusion_matrix": [
      [
        1003,
        0,
        0,
        0,
        0,
        0,
        0,
        0,
        0,
        0,
        0
      ],
      [
        0,
        4,
        0,
        0,
        2,
        8,
        0,
        0,
        0,
        0,
        0
      ],
      [
        0,
        0,
        207,
        0,
        0,
        0,
        0,
        0,
        0,
        0,
        0
      ],
      [
        0,
        0,
        0,
        0,
        0,
        0,
        1,
        1,
        0,
        37,
        0
      ],
      [
        0,
        0,
        0,
        0,
        59,
        0,
        0,
        0,
        0,
        0,
        0
      ],
      [
        0,
        1,
        0,
        0,
        0,
        20,
        0,
        4,
        0,
        0,
        0
      ],
      [
        0,
        0,
        0,
        0,
        0,
        0,
        1,
        32,
        0,
        1,
        0
      ],
      [
        0,
        0,
        0,
        0,
        0,
        0,
        0,
        49,
        0,
        0,
        0
      ],
      [
        0,
        0,
        0,
        0,
        0,
        0,
        0,
        0,
        88,
        0,
        0
      ],
      [
        0,
        0,
        0,
        0,
        0,
        0,
        0,
        0,
        0,
        142,
        0
      ],
      [
        0,
        2,
        0,
        0,
        0,
        0,
        0,
        1,
        0,
        0,
        0
      ]
    ],
    "most_confused_pairs": [
      {
        "gold": "ADV",
        "pred": "PUNC",
        "examples": [
          "hearing asif teen vaccine education taleem pakistan covid attock 22 qaumi nizam 14 kam aabadi karachi aabadi har humaira fatima tak :",
          "nawaz farhan eid innovation coach cricket cricket match malaria tournament tournament pakistan stadium barh . maryam saima match - bohat match tournament waqar cricket score -"
        ]
      },
      {
        "gold": "CONJ",
        "pred": "POST",
        "examples": [
          "sidra humaira verdict dengue agar team un match score team stadium chitral vaccine trade ke 21 26 score team aap tournament",
          "ahmed hina nepra awam lahore : islamabad adalat hukumat barh kyunke lahore awam ki fauj parliament hukumat policy radio is government adalat masla ."
        ]
      },
      {
        "gold": "VERB",
        "pred": "DET",
        "examples": [
          "talha usman suparco pti har 24 policy minister parliament qaumi statebank karachi hockey teen adalat hukumat mahnoor kashif tajzia lekin fauj ?",
          "mandi suparco diplomacy ahsan waqar awam islamabad summit samina 5 27 summit sahiwal startup nizam . conflict foreign kam ke un treaty un lums lums barh !"
        ]
      }
    ]
  },
  "ner": {
    "with_crf": {
      "PER": {
        "precision": 0.99999999999999,
        "recall": 0.9708737864077576,
        "f1": 0.9852216748763377
      },
      "LOC": {
        "precision": 0.9999999999999912,
        "recall": 0.9999999999999912,
        "f1": 0.9999999999994913
      },
      "ORG": {
        "precision": 0.9999999999999912,
        "recall": 0.9999999999999912,
        "f1": 0.9999999999994913
      },
      "MISC": {
        "precision": 0.9999999999999946,
        "recall": 0.9999999999999946,
        "f1": 0.9999999999994946
      },
      "overall": {
        "precision": 0.999999999999998,
        "recall": 0.9941520467836238,
        "f1": 0.9970674486798499
      }
    },
    "without_crf": {
      "PER": {
        "precision": 0.9999999999999901,
        "recall": 0.9805825242718352,
        "f1": 0.9901960784308629
      },
      "LOC": {
        "precision": 0.9999999999999912,
        "recall": 0.9999999999999912,
        "f1": 0.9999999999994913
      },
      "ORG": {
        "precision": 0.9999999999999912,
        "recall": 0.9999999999999912,
        "f1": 0.9999999999994913
      },
      "MISC": {
        "precision": 0.9999999999999946,
        "recall": 0.9999999999999946,
        "f1": 0.9999999999994946
      },
      "overall": {
        "precision": 0.999999999999998,
        "recall": 0.9961013645224152,
        "f1": 0.998046874999498
      }
    },
    "error_analysis": {
      "false_positives": [],
      "false_negatives": [
        {
          "type": "PER",
          "text": "nizam",
          "sentence": "hearing asif teen vaccine education taleem pakistan covid attock 22 qaumi nizam 14 kam aabadi karachi aabadi har humaira fatima tak :",
          "reason": "Entity present in reference annotation but missed by model."
        },
        {
          "type": "PER",
          "text": "sadia",
          "sentence": "imf lahore - karachi sadia qaumi se inflation railways worldbank trade budget ek ke ! market : tax budget inflation ! trade fawad - ,",
          "reason": "Entity present in reference annotation but missed by model."
        },
        {
          "type": "PER",
          "text": "asif",
          "sentence": "sajid naeem who asif minister 23 kyunke policy aur hukumat report minister aap nizam -",
          "reason": "Entity present in reference annotation but missed by model."
        }
      ]
    }
  },
  "ablations": {
    "A1": {
      "description": "Unidirectional LSTM",
      "pos_macro_f1": 0.06877486991123355,
      "ner_overall_f1": 0.0
    },
    "A2": {
      "description": "No dropout",
      "pos_macro_f1": 0.1857302642257994,
      "ner_overall_f1": 0.25172413793054077
    },
    "A3": {
      "description": "Random embeddings",
      "pos_macro_f1": 0.17262195372965408,
      "ner_overall_f1": 0.23986194995636553
    },
    "A4": {
      "description": "Softmax instead of CRF",
      "ner_overall_f1": 0.24137931034433385
    }
  }
}