{
  "dataset": {
    "class_distribution": {
      "Sports": 140,
      "Politics": 140,
      "Economy": 140,
      "International": 140,
      "Health & Society": 140
    },
    "split_sizes": {
      "train": 490,
      "val": 105,
      "test": 105
    }
  },
  "transformer": {
    "test_accuracy": 0.9904761904761905,
    "test_macro_f1": 0.9904707884288145,
    "confusion_matrix": [
      [
        20,
        0,
        0,
        0,
        1
      ],
      [
        0,
        21,
        0,
        0,
        0
      ],
      [
        0,
        0,
        21,
        0,
        0
      ],
      [
        0,
        0,
        0,
        21,
        0
      ],
      [
        0,
        0,
        0,
        0,
        21
      ]
    ],
    "mean_epoch_time_sec": 7.3799607500011914
  },
  "bilstm_baseline": {
    "test_accuracy": 0.9714285714285714,
    "test_macro_f1": 0.9716291838243057,
    "mean_epoch_time_sec": 3.498244204999719
  }
}